,row,col,sample,value_ffluc,norm_ffluc,value_nanolic,norm_nanolic
31,A,3,2,2110,1.35145816298719,13570,0.3813986030713295
237,O,15,8,2070,1.3258381030253474,42480,1.1939434530928574
334,P,21,11,2210,1.415508312891796,37780,1.061845189685691
366,P,23,DMSO,2320,1.4859634777868629,39570,1.1121549538343778
